<DatabaseEditor>
  <ROUTINES>
  	<!--
	PUT RTI_ in front of the name for a routine
	-->
	<ROUTINE name="RTI_ADD_CUSTOMER" alias="Adding a customer" source="PYTHON" sourcename="ADD_CUSTOMER.PY" methodname="integer">
		<OBJECT name="EMPLOYEE"/>
		<OBJECT name="PERSON"/>
	</ROUTINE>
	<!--
    <ROUTINE name="LINK_EMPL" alias="Link an employee" source="DLL" sourcename="LINK_EMPLOYEE.DLL" returnType="string">
		<OBJECT name="EMPLOYEE"/>
		<OBJECT name="PERSON"/>
		<OBJECT name="CUSTOMER"/>		
	</ROUTINE>
	-->
    <ROUTINE name="RTI_ADD_PHONE" alias="Adding a customer" source="PYTHON" sourcename="ADD_CUSTOMER.PY" methodname="integer">
		<OBJECT name="EMPLOYEE"/>
		<OBJECT name="PERSON"/>
	</ROUTINE>
	<!--
    <ROUTINE name="SEARCH_PERSON" alias="SEARCH_PERSON" source="DLL" 	sourcename="LINK_EMPLOYEE.DLL" returnType="string">
		<OBJECT name="CUSTOMER"/>
		<OBJECT name="PERSON"/>
	</ROUTINE>
	-->
	    <ROUTINE name="RTI_ADD_CHEF" alias="Adding a chef" source="PYTHON" sourcename="ADD_CUSTOMER.PY" methodname="integer">
		<OBJECT name="EMPLOYEE"/>
		<OBJECT name="PERSON"/>
	</ROUTINE>
	
	
	
  </ROUTINES>
  <TABLES>
    <!-- Max table name lenght is 32 char (if postgress not recompiled to more) -->
    <!--
    CREATE TABLE equipment(
    equip_id uuid PRIMARY KEY
    DEFAULT uuid_generate_v1() ,
    equip_name varchar(255));
    -->
    <!--
	Supported types
	
    -->
    <TABLE name="TOOL">
      <COLUMN name="PKEY" alias="Primary key" type="uuid" extra="" reference="no"></COLUMN>	
      <COLUMN name="NAME" alias="Name" type="varchar(64)" extra="" reference="no"></COLUMN>
	  <COLUMN name="CREATED_ON" alias="Creation date" type="timestamp(3)" extra="" reference="no"></COLUMN>	  
      <COLUMN name="BIJNAMEN" alias="Bijnamen" type="text[]" extra="" reference="no"></COLUMN>
      <COLUMN name="DATUM" alias="Works from" type="timestamp" extra="" reference="no"></COLUMN>
      <COLUMN name="DATUMARR" alias="Works When" type="timestamp[]" extra="" reference="no"></COLUMN>
	  <COLUMN name="LEVEN" alias="Works When" type="varchar(255)" extra="" reference="no"></COLUMN>
	  <COLUMN name="LEVENARR" alias="Works When" type="text[]" extra="" reference="no"></COLUMN>
	  <COLUMN name="EPLOYEETEST01" alias="Employee 01" type="uuid" extra="" reference="EMPLOYEE"></COLUMN>
	  <COLUMN name="EPLOYEETESTARR" alias="Employee Arr" type="uuid[]" extra="" reference="EMPLOYEE"></COLUMN>
	  <COLUMN name="NUMBER01" alias="NUMBER01" type="int" extra="" reference="no"></COLUMN>
	  <COLUMN name="NUMBER02" alias="NUMBER02" type="int4" extra="" reference="no"></COLUMN>
	  <COLUMN name="NUMBER03" alias="NUMBER03" type="int8" extra="" reference="no"></COLUMN>
	  <COLUMN name="NUMBER04" alias="NUMBER04" type="float4" extra="" reference="no"></COLUMN>
	  <COLUMN name="NUMBER05" alias="NUMBER05" type="float8" extra="" reference="no"></COLUMN>	  
	  <COLUMN name="NUMBER06" alias="NUMBER06" type="int[]" extra="" reference="no"></COLUMN>
	  <COLUMN name="NUMBER07" alias="NUMBER07" type="int4[]" extra="" reference="no"></COLUMN>
	  <COLUMN name="NUMBER08" alias="NUMBER08" type="int8[]" extra="" reference="no"></COLUMN>
	  <COLUMN name="NUMBER09" alias="NUMBER09" type="float4[]" extra="" reference="no"></COLUMN>
	  <COLUMN name="NUMBER10" alias="NUMBER10" type="float8[]" extra="" reference="no"></COLUMN>
    </TABLE>	
    <TABLE name="PERSON">
      <COLUMN name="PKEY" alias="Primary key" type="uuid" extra="" reference="no"></COLUMN>	
      <COLUMN name="NAME" alias="Name" type="varchar(255)" extra="" reference="no"></COLUMN>
	  <COLUMN name="CREATED_ON" alias="Creation date" type="timestamp(3)" extra="" reference="no"></COLUMN>	  
      <COLUMN name="LASTNAME" alias="LastName" type="varchar(255)" extra="" reference="no"></COLUMN>
      <COLUMN name="FIRSTNAME" alias="FirstName" type="varchar(255)" extra="" reference="no"></COLUMN>
      <COLUMN name="STRAAT" alias="STREET" type="varchar(255)" extra="" reference="no"></COLUMN>
    </TABLE>
    <TABLE name="CUSTOMER">
      <COLUMN name="PKEY" alias="Primary key" type="uuid" extra="" reference="no"></COLUMN>	
      <COLUMN name="NAME" alias="Name" type="varchar(255)" extra="" reference="no"></COLUMN>
	  <COLUMN name="CREATED_ON" alias="Creation date" type="timestamp(3)" extra="" reference="no"></COLUMN>	  
      <COLUMN name="LASTNAME" alias="LastName" type="varchar(255)" extra="" reference="no"></COLUMN>
      <COLUMN name="FIRSTNAME" alias="FirstName" type="varchar(255)" extra="" reference="no"></COLUMN>
      <COLUMN name="STRAAT" alias="STREET" type="varchar(255)" extra="" reference="no"></COLUMN>
    </TABLE>	
	<!-- Fix table -->
    <TABLE name="CYCLES">
      	<COLUMN name="PKEY" alias="Primary key" type="uuid" extra="" reference="no"></COLUMN>	
      	<COLUMN name="NAME" alias="Name" type="varchar(255)" extra="" reference="no"></COLUMN>
		<COLUMN name="CREATED_ON" alias="Creation date" type="timestamp(3)" extra="" reference="no"></COLUMN>	  
      	<COLUMN name="ROUTINES" alias="Routines" type="uuid[]" extra="" reference="CYCLE_ROUTINE"></COLUMN>
      	<COLUMN name="AMOUNT_OF_PROCESSORS" alias="Amount of processors" type="int" extra="" reference="no"></COLUMN>
      	<COLUMN name="STARTNUMBER_OF_PROCESSORS" alias="Start number of processor" type="int" extra="" reference="no"></COLUMN>
		<COLUMN name="WORKSTATION_NAME" alias="Workstation name" type="varchar(255)" extra="" reference="no"></COLUMN>
		<COLUMN name="CURRENT_ROUTINE" alias="Current routine" type="uuid" extra="" reference="CYCLE_ROUTINE"></COLUMN>
    </TABLE>
	<!-- Fix table -->
    <TABLE name="CYCLE_ROUTINE">
      	<COLUMN name="PKEY" alias="Primary key" type="uuid" extra="" reference="no"></COLUMN>	
      	<COLUMN name="NAME" alias="Name" type="varchar(255)" extra="" reference="no"></COLUMN>
		<COLUMN name="CREATED_ON" alias="Creation date" type="timestamp(3)" extra="" reference="no"></COLUMN>	  
      	<COLUMN name="ROUTINE" alias="Routines" type="uuid" extra="" reference="RTI_ADD_CHEF$;$RTI_ADD_CUSTOMER$;$RTI_ADD_PHONE"></COLUMN>
		<COLUMN name="ROUTINE_CLASS" alias="Routine class" type="varchar(255)" extra="" reference="no"></COLUMN>
      	<COLUMN name="CYCLE" alias="Connected cycle" type="uuid" extra="" reference="CYCLES"></COLUMN>	
		<COLUMN name="PARENT" alias="Parent" type="uuid[]" extra="" reference="CYCLES$;$CYCLE_ROUTINE"></COLUMN>
		<COLUMN name="PARENT_CLASS" alias="Parent class" type="varchar(255)" extra="" reference="no"></COLUMN>
		<COLUMN name="CHILDREN" alias="Children" type="uuid[]" extra="" reference="CYCLE_ROUTINE"></COLUMN>
		<COLUMN name="CHILD_CLASS" alias="Child class" type="varchar(255)" extra="" reference="no"></COLUMN>
	</TABLE>
	<!-- Fix table but can extend -->
    <TABLE name="BATCH">
      <COLUMN name="PKEY" alias="Primary key" type="uuid" extra="" reference="no"></COLUMN>	
	  <COLUMN name="NAME" alias="Name" type="text" extra="" reference="no"></COLUMN>
	  <COLUMN name="CREATED_ON" alias="Creation date" type="timestamp(3)" extra="" reference="no"></COLUMN>	  
	  <COLUMN name="PRODUCTS" alias="List of products" type="uuid[]" extra="" reference="PRODUCT"></COLUMN>	  
	  <COLUMN name="PRODUCT_NUMBER" alias="Number of products" type="int" extra="" reference="no"></COLUMN>
	  <COLUMN name="PRODUCT_PRIORITY" alias="Priority" type="int" extra="" reference="no"></COLUMN>
	  <COLUMN name="WORKSTEPS" alias="Workteps" type="uuid[]" extra="" reference="WORKSTEP"></COLUMN>
    </TABLE>	
    <TABLE name="PRODUCT">
      <COLUMN name="PKEY" alias="Primary key" type="uuid" extra="" reference="no"></COLUMN>	
	  <COLUMN name="NAME" alias="Name" type="text" extra="" reference="no"></COLUMN>
	  <COLUMN name="CREATED_ON" alias="Creation date" type="timestamp(3)" extra="" reference="no"></COLUMN>	  
	  <COLUMN name="PREVIOUS_WORKSTEP" alias="Previous workstep" type="uuid" extra="" reference="WORKSTEP"></COLUMN>
	  <COLUMN name="CURRENT_WORKSTEP" alias="Current workstep" type="uuid" extra="" reference="WORKSTEP"></COLUMN>
	  <COLUMN name="NEXT_WORKSTEP" alias="Next workstep" type="uuid" extra="" reference="WORKSTEP"></COLUMN>
	  <COLUMN name="PRODUCT_STATE" alias="State of product" type="int" extra="enum" reference="no"></COLUMN>
	  <COLUMN name="PRODUCT_WS_STATE" alias="State of product workstep" type="int" extra="enum" reference="no"></COLUMN>
	  <COLUMN name="PRODUCT_INDEX" alias="Product index" type="int" extra="" reference="no"></COLUMN>
    </TABLE>		
    <TABLE name="MACH_GROUP">
      <COLUMN name="PKEY" alias="Primary key" type="uuid" extra="" reference="no"></COLUMN>	
	  <COLUMN name="NAME" alias="Name" type="text" extra="" reference="no"></COLUMN>
	  <COLUMN name="CREATED_ON" alias="Creation date" type="timestamp(3)" extra="" reference="no"></COLUMN>	  
	  <COLUMN name="MACH_GROUP_MACHS" alias="List of machines" type="uuid[]" extra="" reference="LIVING_OBJ_MACH"></COLUMN>	  
	  <COLUMN name="MACH_GROUP_PLANNING" alias="Planning of the shifts for te machine" type="uuid" extra="" reference="PLANNING"></COLUMN>	  
    </TABLE>
    <TABLE name="PLANNING">
      <COLUMN name="PKEY" alias="Primary key" type="uuid" extra="" reference="no"></COLUMN>	
	  <COLUMN name="NAME" alias="Name" type="text" extra="" reference="no"></COLUMN>
	  <COLUMN name="CREATED_ON" alias="Creation date" type="timestamp(3)" extra="" reference="no"></COLUMN>	  
	  <COLUMN name="OVERLAP_TIME" alias="List of machines (min)" type="int" extra="" reference="no"></COLUMN>	  
	  <COLUMN name="PRE_PREP" alias="Pre preparation (min)" type="int" extra="" reference="no"></COLUMN>	  
	  <COLUMN name="POST_PREP" alias="Post preparation (min)" type="int" extra="" reference="no"></COLUMN>	  
	  <COLUMN name="PLANNING_SHIFT" alias="Attached shift" type="uuid" extra="" reference="SHIFT"></COLUMN>	  
    </TABLE>
    <TABLE name="SHIFT">
      <COLUMN name="PKEY" alias="Primary key" type="uuid" extra="" reference="no"></COLUMN>	
	  <COLUMN name="NAME" alias="Name" type="text" extra="" reference="no"></COLUMN>
	  <COLUMN name="CREATED_ON" alias="Creation date" type="timestamp(3)" extra="" reference="no"></COLUMN>	  
	  <COLUMN name="SHIFT_START_MONDAY" alias="Start of shift on monday" type="timestamp" extra="" reference="no"></COLUMN>	  
	  <COLUMN name="SHIFT_START_TUESDAY" alias="Start of shift on tuesday" type="timestamp" extra="" reference="no"></COLUMN>	  
	  <COLUMN name="SHIFT_START_WEDNESDAY" alias="Start of shift on wednesday" type="timestamp" extra="" reference="no"></COLUMN>	  
	  <COLUMN name="SHIFT_START_THURSDAY" alias="Start of shift on thursday" type="timestamp" extra="" reference="no"></COLUMN>	  
	  <COLUMN name="SHIFT_START_FRIDAY" alias="Start of shift on friday" type="timestamp" extra="" reference="no"></COLUMN>	  
	  <COLUMN name="SHIFT_START_SATURDAY" alias="Start of shift on saturday" type="timestamp" extra="" reference="no"></COLUMN>	  
	  <COLUMN name="SHIFT_START_SUNDAY" alias="Start of shift on sunday" type="timestamp" extra="" reference="no"></COLUMN>	  
	  <COLUMN name="SHIFT_STOP_MONDAY" alias="Stop of shift on monday" type="timestamp" extra="" reference="no"></COLUMN>	  
	  <COLUMN name="SHIFT_STOP_TUESDAY" alias="Stop of shift on tuesday" type="timestamp" extra="" reference="no"></COLUMN>	  
	  <COLUMN name="SHIFT_STOP_WEDNESDAY" alias="Stop of shift on wednesday" type="timestamp" extra="" reference="no"></COLUMN>	  
	  <COLUMN name="SHIFT_STOP_THURSDAY" alias="Stop of shift on thursday" type="timestamp" extra="" reference="no"></COLUMN>	  
	  <COLUMN name="SHIFT_STOP_FRIDAY" alias="Stop of shift on friday" type="timestamp" extra="" reference="no"></COLUMN>	  
	  <COLUMN name="SHIFT_STOP_SATURDAY" alias="Stop of shift on saturday" type="timestamp" extra="" reference="no"></COLUMN>	  
	  <COLUMN name="SHIFT_STOP_SUNDAY" alias="Stop of shift on sunday" type="timestamp" extra="" reference="no"></COLUMN>	  	  
    </TABLE>		
    <TABLE name="OPERATION">
      	<COLUMN name="PKEY" alias="Primary key" type="uuid" extra="" reference="no"></COLUMN>	
      	<COLUMN name="NAME" alias="Name" type="varchar(255)" extra="" reference="no"></COLUMN>
		<COLUMN name="CREATED_ON" alias="Creation date" type="timestamp(3)" extra="" reference="no"></COLUMN>	  
		<COLUMN name="OBJECT" alias="Performed on object" type="uuid" extra="" reference="LIVING_OBJ_MACH$;$EMPLOYEE"></COLUMN>
      	<COLUMN name="OBJECTS" alias="Included objects" type="uuid[]" extra="" 	reference="PERSON$;$CUSTOMER$;$EMPLOYEE$;$LIVING_OBJ_MACH"></COLUMN>
      	<COLUMN name="DATUM_START" alias="Start date" type="timestamp(3)" extra="" reference="no"></COLUMN>
      	<COLUMN name="DATUM_STOP" alias="Stop date" type="timestamp(3)" extra="" reference="no"></COLUMN>
		<COLUMN name="H2O_VALUE" alias="H2O value" type="float8" extra="" reference="no"></COLUMN>
		<COLUMN name="PERFORMED_WORKSTEP" alias="Performed workstep" type="uuid" extra="" reference="WORKSTEP"></COLUMN>
		<COLUMN name="OPERATION_STATE" alias="State of the operation" type="int" extra="enum" reference="no"></COLUMN>
		<COLUMN name="OPERATION_SOURCE" alias="State of the operation" type="int" extra="enum" reference="no"></COLUMN>
		<COLUMN name="OPERATION_CLOSED_CAUSE" alias="Why operation closed" type="int" extra="enum" reference="no"></COLUMN>
		<COLUMN name="OPERATION_ERROR_INFORMATION" alias="Error Information" type="text" extra="" reference="no"></COLUMN>
    </TABLE>
    <TABLE name="EMPLOYEE">
      <COLUMN name="PKEY" alias="Primary key" type="uuid" extra="" reference="no"></COLUMN>	
	  <COLUMN name="NAME" alias="Name" type="text" extra="" reference="no"></COLUMN>
      <COLUMN name="SURE_NAME" alias="Sure name" type="varchar(255)" extra="" reference="no"></COLUMN>
	  <COLUMN name="FAMELY_NAME" alias="Family name" type="varchar(255)" extra="" reference="no"></COLUMN>
	  <COLUMN name="EMAIL" alias="Email" type="text" extra="" reference="no"></COLUMN>
	  <COLUMN name="PASSWORD" alias="Password" type="text" extra="" reference="no"></COLUMN>
	  <COLUMN name="EMPLOYEE_GROUPS" alias="Employer groups" type="uuid[]" extra="" reference="EMPL_GROUP"></COLUMN>
	  <COLUMN name="CREATED_ON" alias="Creation date" type="timestamp(3)" extra="" reference="no"></COLUMN>	  
    </TABLE>
    <TABLE name="EMPL_GROUP">
      <COLUMN name="PKEY" alias="Primary key" type="uuid" extra="" reference="no"></COLUMN>	
      <COLUMN name="NAME" alias="Name" type="text" extra="" reference="no"></COLUMN>
	  <COLUMN name="DESCRIPTION" alias="Description" type="text" extra="" reference="no"></COLUMN>
	  <COLUMN name="LEVEL" alias="Level" type="int" extra="enum" reference="no"></COLUMN>
	  <COLUMN name="CREATED_ON" alias="Creation date" type="timestamp(3)" extra="" reference="no"></COLUMN>	  
    </TABLE>
    <TABLE name="LINKEDDOC">
      <COLUMN name="PKEY" alias="Primary key" type="uuid" extra="" reference="no"></COLUMN>	
      <COLUMN name="NAME" alias="Name" type="text" extra="" reference="no"></COLUMN>
	  <COLUMN name="CREATED_ON" alias="Creation date" type="timestamp(3)" extra="" reference="no"></COLUMN>	  
	  <COLUMN name="FILE_NAME" alias="File name" type="text" extra="" reference="no"></COLUMN>
	  <COLUMN name="FILE_PATH" alias="File path" type="text" extra="" reference="no"></COLUMN>	  
	  <COLUMN name="FILE_TYPE" alias="File path" type="int" extra="enum" reference="no"></COLUMN>
	  <COLUMN name="FILE_NAMES_EXTRA" alias="File name" type="text[]" extra="" reference="no"></COLUMN>
	  <COLUMN name="COMMENT" alias="Comment" type="text" extra="" reference="no"></COLUMN>	  
    </TABLE>
	<TABLE name="WORKSTEP">
      	<COLUMN name="PKEY" alias="Primary key" type="uuid" extra="" reference="no"></COLUMN>	
      	<COLUMN name="NAME" alias="Name" type="varchar(255)" extra="" reference="no"></COLUMN>
		<COLUMN name="WS_TECH" alias="Workstep technology" type="int" extra="enum" reference="no"></COLUMN>
		<COLUMN name="WS_ASSIGNED" alias="Workstep assigned to" type="uuid" extra="" reference="EMPL_GROUP$;$EMPLOYEE"></COLUMN>
		<COLUMN name="WS_WORKPLACE" alias="Workstep perforemed on workplace" type="uuid" extra="" reference="LIVING_OBJ_MACH"></COLUMN>
		<COLUMN name="CREATED_ON" alias="Creation date" type="timestamp(3)" extra="" reference="no"></COLUMN>	  
		<COLUMN name="WS_STATE" alias="State of the workstep" type="int" extra="enum" reference="no"></COLUMN>
		<COLUMN name="WS_PERFORMED_BY" alias="Workstep done by" type="uuid" extra="" reference="EMPLOYEE"></COLUMN>
		<COLUMN name="WS_PLANNED_START" alias="Planned start" type="timestamp" extra="" reference="no"></COLUMN>
		<COLUMN name="WS_PLANNED_STOP" alias="Planned stop" type="timestamp" extra="" reference="no"></COLUMN>
		<COLUMN name="LINKED_DOCUMENTS" alias="Linked documents" type="uuid[]" extra="" reference="LINKEDDOC"></COLUMN>
		<COLUMN name="WS_MACH_GROUP" alias="Linked to machine group" type="uuid" extra="" reference="MACH_GROUP"></COLUMN>
		<COLUMN name="WS_INCLUDE_PLANNING" alias="Include in planning" type="int" extra="enum" reference="MACH_GROUP"></COLUMN>
    </TABLE>	
	<!-- Fix table -->
    <TABLE name="LIVING_OBJ_MACH">
      	<COLUMN name="PKEY" alias="Primary key" type="uuid" extra="" reference="no"></COLUMN>	
      	<COLUMN name="NAME" alias="Name" type="varchar(255)" extra="" reference="no"></COLUMN>
		<COLUMN name="CREATED_ON" alias="Creation date" type="timestamp(3)" extra="" reference="no"></COLUMN>	  
      	<COLUMN name="DATUM_START" alias="Start date" type="timestamp" extra="" reference="no"></COLUMN>
      	<COLUMN name="DATUM_STOP" alias="Stop date" type="timestamp" extra="" reference="no"></COLUMN>
		<COLUMN name="TIMER_CYCLE" alias="Cycle timer" type="int" extra="" reference="no"></COLUMN>
		<COLUMN name="SOCKET_PORT" alias="Port of the socket" type="int" extra="" reference="no"></COLUMN>
		<COLUMN name="SOCKET_IP" alias="IP of the socket" type="text" extra="" reference="no"></COLUMN>
		<COLUMN name="WORKSTATION_NAME" alias="Workstation name" type="text" extra="" reference="no"></COLUMN>
		<COLUMN name="COMMANDS_TODO" alias="Commands to perform" type="text[]" extra="" reference="no"></COLUMN>
		<COLUMN name="COMMANDS_DONE" alias="Command history" type="text[]" extra="" reference="no"></COLUMN>
		<COLUMN name="COMMAND_REPLAY_HISTORY" alias="Command replay history" type="text[]" extra="" reference="no"></COLUMN>
		<COLUMN name="CONNECTION_STATE" alias="Connection state" type="int" extra="enum" reference="no"></COLUMN>
		<COLUMN name="DEVICE_STATE" alias="State of device" type="int" extra="enum" reference="no"></COLUMN>
		<COLUMN name="DEVICE_FILETRANSFER" alias="State transfer of file" type="int" extra="enum" reference="no"></COLUMN>
		<COLUMN name="ERROR_TABLE" alias="Error table" type="uuid" extra="" reference="ERRORS_LIVING_OBJ_MACH"></COLUMN>
		<COLUMN name="CURRENT_ERROR" alias="Current error" type="text" extra="" reference="no"></COLUMN>
		<COLUMN name="WS_TECH" alias="Workplace technology" type="int" extra="enum" reference="no"></COLUMN>
    </TABLE>
	<TABLE name="ERRORS_LIVING_OBJ_MACH">
      	<COLUMN name="PKEY" alias="Primary key" type="uuid" extra="" reference="no"></COLUMN>	
      	<COLUMN name="NAME" alias="Name" type="varchar(255)" extra="" reference="no"></COLUMN>   
		<COLUMN name="CREATED_ON" alias="Creation date" type="timestamp(3)" extra="" reference="no"></COLUMN>	  
      	<COLUMN name="STANDARD_ERRORS" alias="Standard error text" type="text[]" extra="" reference="no"></COLUMN>
		<COLUMN name="CUSTOM_ERRORS" alias="Custom error text" type="text[]" extra="" reference="no"></COLUMN>
	</TABLE>
  </TABLES>
</DatabaseEditor>