<enums>
	<enum name="CONNECTION_STATE">
		<state value="0" text="not connected"/>
		<state value="1" text="connected"/>
	</enum>
	<enum name="DEVICE_STATE">
		<state value="0" text="nothing"/>
		<state value="10" text="waiting"/>
		<state value="20" text="running"/>
		<state value="30" text="paused"/>
		<state value="40" text="not connected"/>
		<state value="100" text="undefined"/>
		<state value="110" text="error"/>
	</enum>	
	<enum name="DEVICE_FILETRANSFER">
		<state value="0" text="no file transfer"/>
		<state value="10" text="file transfer on going"/>
	</enum>
	<enum name="CALL_METHOD_ON_ERROR">
		<state value="0" text="no"/>
		<state value="1" text="yes"/>
	</enum>	
	<enum name="OPERATION_STATE">
		<state value="0" text="Nothing"/>
		<state value="10" text="Open"/>
		<state value="20" text="Closed"/>
	</enum>		
	<enum name="OPERATION_CLOSED_CAUSE">
		<state value="0" text="Nothing"/>
		<state value="10" text="Normal"/>
		<state value="20" text="Error"/>
	</enum>			
	<enum name="OPERATION_SOURCE">
		<state value="0" text="Nothing"/>
		<state value="10" text="Cycle"/>
		<state value="20" text="Routine"/>
		<state value="30" text="Script"/>
		<state value="40" text="System"/>
		<state value="50" text="Browser"/>
	</enum>		
	<enum name="LEVEL">
		<state value="0" text="Nothing"/>
		<state value="10" text="Board"/>
		<state value="20" text="Administration"/>
		<state value="30" text="Worker"/>
		<state value="40" text="R&amp;D"/>
		<state value="50" text="Production"/>
	</enum>		
	<enum name="WS_TECH">
		<state value="0" text="Nothing"/>
		<state value="10" text="Cleaning Hall"/>
		<state value="20" text="Cleaning Room"/>
		<state value="21" text="Cleaning Floor 1"/>
		<state value="22" text="Cleaning Floor 2"/>
		<state value="23" text="Cleaning Floor 3"/>
		<state value="24" text="Cleaning Floor 4"/>
		<state value="25" text="Cleaning Floor 5"/>
		<state value="26" text="Cleaning Floor 6"/>
		<state value="27" text="Cleaning Floor 7"/>
		<state value="28" text="Cleaning Floor 8"/>
		<state value="29" text="Cleaning Floor 9"/>
		<state value="30" text="Cleaning Floor 10"/>
		<state value="100" text="Making bed"/>
		<state value="200" text="Administration"/>
		<state value="300" text="Research"/>
		<state value="500" text="Cooking breakfast"/>
		<state value="510" text="Cooking lunch"/>
		<state value="520" text="Cooking dinner"/>
	</enum>	
	<enum name="WS_STATE">
		<state value="0" text="Nothing"/>
		<state value="10" text="Started"/>
		<state value="20" text="Done"/>
		<state value="30" text="Paused"/>
	</enum>			
</enums>